filename,extraTags
AC Chip-Cape/AC.Chip-Cape.Allig.10.High.png
AC Chip-Cape/AC.Chip-Cape.Allig.10.Medium.png,medium
AC Chip-Cape/AC.Chip-Cape.Allig.30.High.png
AC Chip-Cape/AC.Chip-Cape.Allig.30.Low.png
AC Chip-Cape/AC.Chip-Cape.Allig.30.Medium.png,medium
AC Chip-Cape/AC.Chip-Cape.Block.High.png
AC Chip-Cape/AC.Chip-Cape.Block.Low.png
AC Chip-Cape/AC.Chip-Cape.Block.Medium.png,medium
AC Chip-Cape/AC.Chip-Cape.Long.Many.Low.png
AC Chip-Cape/AC.Chip-Cape.Long.Many.Medium.png,medium
AC Chip-Cape/AC.Chip-Cape.Patch.10.High.png
AC Chip-Cape/AC.Chip-Cape.Patch.30.Low.png
AC Chip-Cape/AC.Chip-Cape.Patch.30.Medium.png,medium
AC Chip-Cape/AC.Chip-Cape.Ravel.Definite.png
AC Chip-Cape/AC.Chip-Cape.Ravel.Start.png
AC Chip-Cape/AC.Chip-Cape.Reflect.Medium.png,medium
AC Chip-Cape/AC.Chip-Cape.Trans.20.High.png
AC Chip-Cape/AC.Chip-Cape.Trans.20.Medium.png,medium
AC Chip-Cape/AC.Chip-Cape.Weather.Definite.png
AC Chip-Cape/AC.Chip-Cape.Weather.Start.png
AC Crack_Seal/AC.Crack_Seal.Allig.High.png
AC Crack_Seal/AC.Crack_Seal.Allig.Low.png
AC Crack_Seal/AC.Crack_Seal.Allig.Medium.png,medium
AC Crack_Seal/AC.Crack_Seal.Block.High.png
AC Crack_Seal/AC.Crack_Seal.Block.Low.png
AC Crack_Seal/AC.Crack_Seal.Block.Medium.png,medium
AC Crack_Seal/AC.Crack_Seal.Edge.High.png
AC Crack_Seal/AC.Crack_Seal.Edge.Low.png
AC Crack_Seal/AC.Crack_Seal.Edge.Medium.png,medium
AC Crack_Seal/AC.Crack_Seal.Long.Few.High.png
AC Crack_Seal/AC.Crack_Seal.Long.Few.Low.png
AC Crack_Seal/AC.Crack_Seal.Long.Few.Medium.png,medium
AC Crack_Seal/AC.Crack_Seal.Long.Many.High.png
AC Crack_Seal/AC.Crack_Seal.Long.Many.Low.png
AC Crack_Seal/AC.Crack_Seal.Long.Many.Medium.png,medium
AC Crack_Seal/AC.Crack_Seal.Patch.10.Low.png
AC Crack_Seal/AC.Crack_Seal.Patch.10.Medium.png,medium
AC Crack_Seal/AC.Crack_Seal.Patch.30.Low.png
AC Crack_Seal/AC.Crack_Seal.Reflect.High.png
AC Crack_Seal/AC.Crack_Seal.Reflect.Low.png
AC Crack_Seal/AC.Crack_Seal.Reflect.Medium.png,medium
AC Crack_Seal/AC.Crack_Seal.Trans.20.High.png
AC Crack_Seal/AC.Crack_Seal.Trans.20.Low.png
AC Crack_Seal/AC.Crack_Seal.Trans.20.Medium.png,medium
AC Crack_Seal/AC.Crack_Seal.Trans.50.High.png
AC Crack_Seal/AC.Crack_Seal.Trans.50.Low.png
AC Crack_Seal/AC.Crack_Seal.Trans.50.Medium.png,medium
AC Fog-Coal/AC.Fog-Coal.Allig.10.Low.png
AC Fog-Coal/AC.Fog-Coal.Allig.10.Medium.png,medium
AC Fog-Coal/AC.Fog-Coal.Allig.30.Low.png
AC Fog-Coal/AC.Fog-Coal.Block.Low.png
AC Fog-Coal/AC.Fog-Coal.Edge.Low.png
AC Fog-Coal/AC.Fog-Coal.Long.Many.Low.png
AC Fog-Coal/AC.Fog-Coal.Long.Many.Medium.png,medium
AC Fog-Coal/AC.Fog-Coal.Patch.10.High.png
AC Fog-Coal/AC.Fog-Coal.Patch.10.Medium.png,medium
AC Fog-Coal/AC.Fog-Coal.Patch.30.Low.png
AC Fog-Coal/AC.Fog-Coal.Patch.30.Medium.png,medium
AC Fog-Coal/AC.Fog-Coal.Ravel.Definite.png
AC Fog-Coal/AC.Fog-Coal.Ravel.Start.png
AC Fog-Coal/AC.Fog-Coal.Trans.20.Low.png
AC Fog-Coal/AC.Fog-Coal.Trans.50.Low.png
AC Fog-Coal/AC.Fog-Coal.Weather.Definite.png
AC Fog-Coal/AC.Fog-Coal.Weather.Start.png
AC Micro-Slurry/AC.Micro-Slurry.Long.Many.Medium.png,medium
AC Micro-Slurry/AC.Micro-Slurry.Patch.10.High.png
AC Micro-Slurry/AC.Micro-Slurry.Patch.10.Medium.png,medium
AC Micro-Slurry/AC.Micro-Slurry.Patch.30.High.png
AC Micro-Slurry/AC.Micro-Slurry.Patch.30.Low.png
AC Micro-Slurry/AC.Micro-Slurry.Patch.30.Medium.png,medium
AC Micro-Slurry/AC.Micro-Slurry.Ravel.Definite.png
AC Micro-Slurry/AC.Micro-Slurry.Ravel.Start.png
AC Micro-Slurry/AC.Micro-Slurry.Weather.Definite.png
AC Micro-Slurry/AC.Micro-Slurry.Weather.Start.png
AC OL-Mill OL/AC.OL-Mill.Allig.10.High.png
AC OL-Mill OL/AC.OL-Mill.Allig.30.High.png
AC OL-Mill OL/AC.OL-Mill.Allig.30.Low.png
AC OL-Mill OL/AC.OL-Mill.Allig.30.Medium.png,medium
AC OL-Mill OL/AC.OL-Mill.Block.High.png
AC OL-Mill OL/AC.OL-Mill.Block.Medium.png,medium
AC OL-Mill OL/AC.OL-Mill.Bump.Many.png
AC OL-Mill OL/AC.OL-Mill.Edge.Few.High.png
AC OL-Mill OL/AC.OL-Mill.Edge.Few.Medium.png,medium
AC OL-Mill OL/AC.OL-Mill.Long.Few.High.png
AC OL-Mill OL/AC.OL-Mill.Long.Many.High.png
AC OL-Mill OL/AC.OL-Mill.Long.Many.Low.png
AC OL-Mill OL/AC.OL-Mill.Long.Many.Medium.png,medium
AC OL-Mill OL/AC.OL-Mill.Patch.10.High.png
AC OL-Mill OL/AC.OL-Mill.Patch.30.High.png
AC OL-Mill OL/AC.OL-Mill.Patch.30.Low.png
AC OL-Mill OL/AC.OL-Mill.Patch.30.Medium.png,medium
AC OL-Mill OL/AC.OL-Mill.Ravel.Definite.png
AC OL-Mill OL/AC.OL-Mill.Ravel.Start.png
AC OL-Mill OL/AC.OL-Mill.Reflect.High.png
AC OL-Mill OL/AC.OL-Mill.Reflect.Medium.png,medium
AC OL-Mill OL/AC.OL-Mill.Swell.Few.png
AC OL-Mill OL/AC.OL-Mill.Swell.Many.png
AC OL-Mill OL/AC.OL-Mill.Trans.20.High.png
AC OL-Mill OL/AC.OL-Mill.Trans.20.Medium.png,medium
AC OL-Mill OL/AC.OL-Mill.Trans.50.High.png
AC OL-Mill OL/AC.OL-Mill.Trans.50.Medium.png,medium
AC Patch/AC.Patch.Allig.10.High.png
AC Patch/AC.Patch.Allig.10.Low.png
AC Patch/AC.Patch.Allig.10.Medium.png,medium
AC Patch/AC.Patch.Allig.30.High.png
AC Patch/AC.Patch.Allig.30.Low.png
AC Patch/AC.Patch.Allig.30.Medium.png,medium
AC Patch/AC.Patch.Block.High.png
AC Patch/AC.Patch.Bumps.Many.png
AC Patch/AC.Patch.Edge.High.png
AC Patch/AC.Patch.Edge.Low.png
AC Patch/AC.Patch.Long.Few.High.png
AC Patch/AC.Patch.Long.Many.High.png
AC Patch/AC.Patch.Long.Many.Medium.png,medium
AC Patch/AC.Patch.Patch.10.High.png
AC Patch/AC.Patch.Patch.10.Medium.png,medium
AC Patch/AC.Patch.Patch.30.High.png
AC Patch/AC.Patch.Patch.30.Medium.png,medium
AC Patch/AC.Patch.Reflect.High.png
AC Patch/AC.Patch.Swell.Few.png
AC Patch/AC.Patch.Swell.Many.png
AC Patch/AC.Patch.Trans.50.High.png
AC Recon/AC.Recon.Allig.10.High.png,reconstruct
AC Recon/AC.Recon.Allig.30.High.png,reconstruct
AC Recon/AC.Recon.Allig.30.Low.png,reconstruct
AC Recon/AC.Recon.Allig.30.Medium.png,reconstruct medium
AC Recon/AC.Recon.Block.High.png,reconstruct
AC Recon/AC.Recon.Long.Many.High.png,reconstruct
AC Recon/AC.Recon.Patch.30.High.png,reconstruct
AC Recon/AC.Recon.Patch.30.Medium.png,reconstruct medium
AC Recon/AC.Recon.Reflect.High.png,reconstruct
AC Recon/AC.Recon.Swell.Many.png,reconstruct
AC Rejuvenator/AC.Rejuvenator.Allig.10.High.png
AC Rejuvenator/AC.Rejuvenator.Allig.10.Low.png
AC Rejuvenator/AC.Rejuvenator.Allig.10.Medium.png,medium
AC Rejuvenator/AC.Rejuvenator.Block.Medium.png,medium
AC Rejuvenator/AC.Rejuvenator.Edge.High.png
AC Rejuvenator/AC.Rejuvenator.Edge.Low.png
AC Rejuvenator/AC.Rejuvenator.Long.Few.Low.png
AC Rejuvenator/AC.Rejuvenator.Long.Many.Low.png
AC Rejuvenator/AC.Rejuvenator.Ravel.Start.png
AC Rejuvenator/AC.Rejuvenator.Trans.50.Medium.png,medium
AC Rejuvenator/AC.Rejuvenator.Weather.Definite.png
AC Rejuvenator/AC.Rejuvenator.Weather.Start.png
PCC - Rehab-Recon/PCC.Recon.CornerBrk.30.High.png,reconstruct
PCC - Rehab-Recon/PCC.Recon.Crack.40.High.png,reconstruct
PCC - Rehab-Recon/PCC.Recon.Crack.40.Medium.png,reconstruct medium
PCC - Rehab-Recon/PCC.Recon.Fault.30.High.png,reconstruct
PCC - Rehab-Recon/PCC.Recon.Fault.30.Medium.png,reconstruct medium
PCC - Rehab-Recon/PCC.Recon.Patch.30.High.png,reconstruct
PCC - Rehab-Recon/PCC.Recon.Patch.50.High.png,reconstruct
PCC - Rehab-Recon/PCC.Recon.Shatter.30.High.png,reconstruct
PCC - Rehab-Recon/PCC.Recon.Shatter.30.Low.png,reconstruct
PCC - Rehab-Recon/PCC.Recon.Shatter.30.Medium.png,reconstruct medium
PCC AC Overlay/PCC.AC-Overlay.CornerBrk.30.Medium.png,medium
PCC AC Overlay/PCC.AC-Overlay.Crack.20.High.png
PCC AC Overlay/PCC.AC-Overlay.Crack.40.High.png
PCC AC Overlay/PCC.AC-Overlay.Crack.40.Low.png
PCC AC Overlay/PCC.AC-Overlay.Crack.40.Medium.png,medium
PCC AC Overlay/PCC.AC-Overlay.Fault.30.High.png
PCC AC Overlay/PCC.AC-Overlay.Fault.30.Low.png
PCC AC Overlay/PCC.AC-Overlay.Fault.30.Medium.png,medium
PCC AC Overlay/PCC.AC-Overlay.Patch.50.High.png
PCC AC Overlay/PCC.AC-Overlay.Patch.50.Low.png
PCC AC Overlay/PCC.AC-Overlay.Patch.50.Medium.png,medium
PCC AC Overlay/PCC.AC-Overlay.Shatter.10.High.png
PCC AC Overlay/PCC.AC-Overlay.Shatter.30.High.png
PCC AC Overlay/PCC.AC-Overlay.Shatter.30.Low.png
PCC AC Overlay/PCC.AC-Overlay.Shatter.30.Medium.png,medium
PCC Crack-Joint Seal/PCC.Crack-Joint Seal.Corner Brk.10.High.png
PCC Crack-Joint Seal/PCC.Crack-Joint Seal.Corner Brk.10.Low.png
PCC Crack-Joint Seal/PCC.Crack-Joint Seal.Corner Brk.10.Medium.png,medium
PCC Crack-Joint Seal/PCC.Crack-Joint Seal.Corner Brk.30.Low.png
PCC Crack-Joint Seal/PCC.Crack-Joint Seal.Corner_Brk.30.High.png
PCC Crack-Joint Seal/PCC.Crack-Joint Seal.Corner_Brk.30.Medium.png,medium
PCC Crack-Joint Seal/PCC.Crack-Joint Seal.Crack.20.High.png
PCC Crack-Joint Seal/PCC.Crack-Joint Seal.Crack.20.Low.png
PCC Crack-Joint Seal/PCC.Crack-Joint Seal.Crack.20.Medium.png,medium
PCC Crack-Joint Seal/PCC.Crack-Joint Seal.Crack.40.High.png
PCC Crack-Joint Seal/PCC.Crack-Joint Seal.Crack.40.Low.png
PCC Crack-Joint Seal/PCC.Crack-Joint Seal.Crack.40.Medium.png,medium
PCC Crack-Joint Seal/PCC.Crack-Joint Seal.Fault.10.Low.png
PCC Crack-Joint Seal/PCC.Crack-Joint Seal.Fault.10.Medium.png,medium
PCC Crack-Joint Seal/PCC.Crack-Joint Seal.Fault.30.Low.png
PCC Crack-Joint Seal/PCC.Crack-Joint Seal.Joint.High.png
PCC Crack-Joint Seal/PCC.Crack-Joint Seal.Joint.Low.png
PCC Crack-Joint Seal/PCC.Crack-Joint Seal.Joint.Medium.png,medium
PCC Crack-Joint Seal/PCC.Crack-Joint Seal.Joint.Still Good.png
PCC Crack-Joint Seal/PCC.Crack-Joint Seal.Patch.30.Medium.png,medium
PCC Crack-Joint Seal/PCC.Crack-Joint Seal.Shatter.10.Low.png
PCC Crack-Joint Seal/PCC.Crack-Joint Seal.Shatter.10.Medium.png,medium
PCC Crack-Joint Seal/PCC.Crack-Joint Seal.Shatter.30.Low.png
PCC Crack-Joint Seal/PCC.Crack-Joint Seal.Shatter.30.Medium.png,medium
PCC Crack-Joint Seal/PCC.Crack-Joint Seal.Spall.High.png
PCC Crack-Joint Seal/PCC.Crack-Joint Seal.Spall.Low.png
PCC Crack-Joint Seal/PCC.Crack-Joint Seal.Spall.Medium.png,medium
PCC CrossStitch/PCC.Cross-Stitch.Fault.10.High.png
PCC CrossStitch/PCC.Cross-Stitch.Fault.30.Medium.png,medium
PCC Full Depth Repair/PCC.Full-Depth.CornerBrk.10.High.png
PCC Full Depth Repair/PCC.Full-Depth.CornerBrk.10.Low.png
PCC Full Depth Repair/PCC.Full-Depth.CornerBrk.10.Medium.png,medium
PCC Full Depth Repair/PCC.Full-Depth.CornerBrk.30.High.png
PCC Full Depth Repair/PCC.Full-Depth.CornerBrk.30.Low.png
PCC Full Depth Repair/PCC.Full-Depth.CornerBrk.30.Medium.png,medium
PCC Full Depth Repair/PCC.Full-Depth.Crack.20.High.png
PCC Full Depth Repair/PCC.Full-Depth.Crack.20.Medium.png,medium
PCC Full Depth Repair/PCC.Full-Depth.Crack.40.High.png
PCC Full Depth Repair/PCC.Full-Depth.Crack.40.Low.png
PCC Full Depth Repair/PCC.Full-Depth.Crack.40.Medium.png,medium
PCC Full Depth Repair/PCC.Full-Depth.Fault.10.High.png
PCC Full Depth Repair/PCC.Full-Depth.Fault.30.High.png
PCC Full Depth Repair/PCC.Full-Depth.Patch.30.High.png
PCC Full Depth Repair/PCC.Full-Depth.Patch.30.Medium.png,medium
PCC Full Depth Repair/PCC.Full-Depth.Patch.50.High.png
PCC Full Depth Repair/PCC.Full-Depth.Patch.50.Medium.png,medium
PCC Full Depth Repair/PCC.Full-Depth.Shatter.10.High.png
PCC Full Depth Repair/PCC.Full-Depth.Shatter.10.Low.png
PCC Full Depth Repair/PCC.Full-Depth.Shatter.10.Medium.png,medium
PCC Full Depth Repair/PCC.Full-Depth.Shatter.30.High.png
PCC Full Depth Repair/PCC.Full-Depth.Shatter.30.Low.png
PCC Full Depth Repair/PCC.Full-Depth.Shatter.30.Medium.png,medium
PCC Grind-Groove/PCC.Grind.Fault.10.High.png
PCC Grind-Groove/PCC.Grind.Fault.10.Low.png
PCC Grind-Groove/PCC.Grind.Fault.10.Medium.png,medium
PCC Grind-Groove/PCC.Grind.Fault.30.High.png
PCC Grind-Groove/PCC.Grind.Fault.30.Low.png
PCC Grind-Groove/PCC.Grind.Fault.30.Medium.png,medium
PCC Partial Depth Repair/PCC.Partial.Crack.20.High.png
PCC Partial Depth Repair/PCC.Partial.Crack.20.Medium.png,medium
PCC Partial Depth Repair/PCC.Partial.Crack.40.High.png
PCC Partial Depth Repair/PCC.Partial.Crack.40.Low.png
PCC Partial Depth Repair/PCC.Partial.Crack.40.Medium.png,medium
PCC Partial Depth Repair/PCC.Partial.Fault.10.High.png
PCC Partial Depth Repair/PCC.Partial.Fault.10.Low.png
PCC Partial Depth Repair/PCC.Partial.Fault.10.Medium.png,medium
PCC Partial Depth Repair/PCC.Partial.Fault.30.Low.png
PCC Partial Depth Repair/PCC.Partial.Patch.30.High.png
PCC Partial Depth Repair/PCC.Partial.Patch.30.Medium.png,medium
PCC Partial Depth Repair/PCC.Partial.Patch.50.High.png
PCC Partial Depth Repair/PCC.Partial.Patch.50.Medium.png,medium
PCC Partial Depth Repair/PCC.Partial.Spall.High.png
PCC Partial Depth Repair/PCC.Partial.Spall.Low.png
PCC Partial Depth Repair/PCC.Partial.Spall.Medium.png,medium
PCC PCC Overlay/PCC.PCC-Overlay.CornerBrk.30.Medium.png,medium
PCC PCC Overlay/PCC.PCC-Overlay.Crack.20.High.png
PCC PCC Overlay/PCC.PCC-Overlay.Crack.40.High.png
PCC PCC Overlay/PCC.PCC-Overlay.Crack.40.Low.png
PCC PCC Overlay/PCC.PCC-Overlay.Crack.40.Medium.png,medium
PCC PCC Overlay/PCC.PCC-Overlay.Fault.30.High.png
PCC PCC Overlay/PCC.PCC-Overlay.Fault.30.Low.png
PCC PCC Overlay/PCC.PCC-Overlay.Fault.30.Medium.png,medium
PCC PCC Overlay/PCC.PCC-Overlay.Patch.50.High.png
PCC PCC Overlay/PCC.PCC-Overlay.Patch.50.Low.png
PCC PCC Overlay/PCC.PCC-Overlay.Patch.50.Medium.png,medium
PCC PCC Overlay/PCC.PCC-Overlay.Shatter.10.High.png
PCC PCC Overlay/PCC.PCC-Overlay.Shatter.30.High.png
PCC PCC Overlay/PCC.PCC-Overlay.Shatter.30.Low.png
PCC PCC Overlay/PCC.PCC-Overlay.Shatter.30.Medium.png,medium
PCC Slab Stabilize/PCC.Slab-Jack.Fault.10.Medium.png,medium
PCC Slab Stabilize/PCC.Slab-Jack.Fault.30.High.png
PCC Slab Stabilize/PCC.Slab-Jack.Fault.30.Low.png
PCC Slab Stabilize/PCC.Slab-Jack.Fault.30.Medium.png,medium